Name,Age,Gender,Race,Comment
Russell,26,male,white,I am awesome
Steve,24,male,alaskan,I am just steve 
Jesse,27,female,white,I like dinosaurs a lot
Sam,30,male,asian,Let's all go play video games
Aidan,25,female,white,I want to draw stuff
Jedd,35,male,african,I am new
Eric,40,male,asian,I just got new glasses